<application>
  <component name="RainbowSettings">
    <option name="applyColorsOfRoundForAllBrackets" value="true" />
    <option name="cycleCountOnAllBrackets" value="true" />
    <option name="disableRainbowIndentsInZenMode" value="false" />
    <option name="doNOTRainbowifyBigFiles" value="false" />
    <option name="numberOfColors" value="25" />
    <option name="rainbowifyTagNameInXML" value="true" />
    <option name="useColorGenerator" value="true" />
    <option name="version" value="6.17" />
  </component>
</application>